<?xml version="1.0" encoding="utf-8"?>
<act>
	<participant id="ChrShawn" role="actor"/>
	<bml>
		<speech id="sp1" ref="ELITE-Cerebella_1" type="application/ssml+xml">
			<mark name="T0"/>
			welcome
			<mark name="T1"/>
			<mark name="T2"/>
			to
			<mark name="T3"/>
			<mark name="T4"/>
			your
			<mark name="T5"/>
			<mark name="T6"/>
			training.
			<mark name="T7"/>
			<mark name="T8"/>
			this
			<mark name="T9"/>
			<mark name="T10"/>
			is
			<mark name="T11"/>
			<mark name="T12"/>
			the
			<mark name="T13"/>
			<mark name="T14"/>
			emergent
			<mark name="T15"/>
			<mark name="T16"/>
			leader
			<mark name="T17"/>
			<mark name="T18"/>
			immersive
			<mark name="T19"/>
			<mark name="T20"/>
			training
			<mark name="T21"/>
			<mark name="T22"/>
			environment
			<mark name="T23"/>
			<mark name="T24"/>
			or
			<mark name="T25"/>
			<mark name="T26"/>
			elite.
			<mark name="T27"/>
			<mark name="T28"/>
			it's
			<mark name="T29"/>
			<mark name="T30"/>
			gonna
			<mark name="T31"/>
			<mark name="T32"/>
			help
			<mark name="T33"/>
			<mark name="T34"/>
			you
			<mark name="T35"/>
			<mark name="T36"/>
			improve
			<mark name="T37"/>
			<mark name="T38"/>
			the
			<mark name="T39"/>
			<mark name="T40"/>
			way
			<mark name="T41"/>
			<mark name="T42"/>
			you
			<mark name="T43"/>
			<mark name="T44"/>
			communicate
			<mark name="T45"/>
			<mark name="T46"/>
			with
			<mark name="T47"/>
			<mark name="T48"/>
			people,
			<mark name="T49"/>
			<mark name="T50"/>
			which
			<mark name="T51"/>
			<mark name="T52"/>
			will
			<mark name="T53"/>
			<mark name="T54"/>
			help
			<mark name="T55"/>
			<mark name="T56"/>
			you
			<mark name="T57"/>
			<mark name="T58"/>
			be
			<mark name="T59"/>
			<mark name="T60"/>
			a
			<mark name="T61"/>
			<mark name="T62"/>
			better
			<mark name="T63"/>
			<mark name="T64"/>
			leader.
			<mark name="T65"/>
			<mark name="T66"/>
			and
			<mark name="T67"/>
			<mark name="T68"/>
			that
			<mark name="T69"/>
			<mark name="T70"/>
			helps
			<mark name="T71"/>
			<mark name="T72"/>
			everybody.
			<mark name="T73"/>
			<mark name="T74"/>
			so
			<mark name="T75"/>
			<mark name="T76"/>
			pay
			<mark name="T77"/>
			<mark name="T78"/>
			attention.
			<mark name="T79"/>
			<mark name="T80"/>
			over
			<mark name="T81"/>
			<mark name="T82"/>
			the
			<mark name="T83"/>
			<mark name="T84"/>
			next
			<mark name="T85"/>
			<mark name="T86"/>
			hour
			<mark name="T87"/>
			<mark name="T88"/>
			or
			<mark name="T89"/>
			<mark name="T90"/>
			so
			<mark name="T91"/>
			<mark name="T92"/>
			this
			<mark name="T93"/>
			<mark name="T94"/>
			system's
			<mark name="T95"/>
			<mark name="T96"/>
			gonna
			<mark name="T97"/>
			<mark name="T98"/>
			take
			<mark name="T99"/>
			<mark name="T100"/>
			you
			<mark name="T101"/>
			<mark name="T102"/>
			through
			<mark name="T103"/>
			<mark name="T104"/>
			basic
			<mark name="T105"/>
			<mark name="T106"/>
			counseling
			<mark name="T107"/>
			<mark name="T108"/>
			skills
			<mark name="T109"/>
			<mark name="T110"/>
			that
			<mark name="T111"/>
			<mark name="T112"/>
			will
			<mark name="T113"/>
			<mark name="T114"/>
			likely
			<mark name="T115"/>
			<mark name="T116"/>
			come
			<mark name="T117"/>
			<mark name="T118"/>
			in
			<mark name="T119"/>
			<mark name="T120"/>
			handy
			<mark name="T121"/>
			<mark name="T122"/>
			when
			<mark name="T123"/>
			<mark name="T124"/>
			you
			<mark name="T125"/>
			<mark name="T126"/>
			rotate
			<mark name="T127"/>
			<mark name="T128"/>
			into
			<mark name="T129"/>
			<mark name="T130"/>
			your
			<mark name="T131"/>
			<mark name="T132"/>
			next
			<mark name="T133"/>
			<mark name="T134"/>
			assignment.
			<mark name="T135"/>
			<mark name="T136"/>
			these
			<mark name="T137"/>
			<mark name="T138"/>
			skills
			<mark name="T139"/>
			<mark name="T140"/>
			will
			<mark name="T141"/>
			<mark name="T142"/>
			help
			<mark name="T143"/>
			<mark name="T144"/>
			you
			<mark name="T145"/>
			<mark name="T146"/>
			respond
			<mark name="T147"/>
			<mark name="T148"/>
			when
			<mark name="T149"/>
			<mark name="T150"/>
			a
			<mark name="T151"/>
			<mark name="T152"/>
			soldier
			<mark name="T153"/>
			<mark name="T154"/>
			has
			<mark name="T155"/>
			<mark name="T156"/>
			a
			<mark name="T157"/>
			<mark name="T158"/>
			performance
			<mark name="T159"/>
			<mark name="T160"/>
			problem
			<mark name="T161"/>
			<mark name="T162"/>
			that
			<mark name="T163"/>
			<mark name="T164"/>
			you
			<mark name="T165"/>
			<mark name="T166"/>
			need
			<mark name="T167"/>
			<mark name="T168"/>
			to
			<mark name="T169"/>
			<mark name="T170"/>
			address
			<mark name="T171"/>
			<mark name="T172"/>
			or
			<mark name="T173"/>
			<mark name="T174"/>
			if
			<mark name="T175"/>
			<mark name="T176"/>
			a
			<mark name="T177"/>
			<mark name="T178"/>
			soldier
			<mark name="T179"/>
			<mark name="T180"/>
			brings
			<mark name="T181"/>
			<mark name="T182"/>
			a
			<mark name="T183"/>
			<mark name="T184"/>
			personal
			<mark name="T185"/>
			<mark name="T186"/>
			problem
			<mark name="T187"/>
			<mark name="T188"/>
			to
			<mark name="T189"/>
			<mark name="T190"/>
			you.
			<mark name="T191"/>
		</speech>
		<face amount="0.3" au="2" relax="sp1:T4" type="facs"/>
		<face amount="0.3" au="1" relax="sp1:T4" type="facs"/>
		<face amount="0.1" au="26" end="sp1:T1" side="BOTH" start="sp1:T0" type="facs"/>
		<face amount="0.1" au="26" end="sp1:T3" side="BOTH" start="sp1:T2" type="facs"/>
		<face amount="0.1" au="26" end="sp1:T5" side="BOTH" start="sp1:T4" type="facs"/>
		<face amount="0.1" au="26" end="sp1:T7" side="BOTH" start="sp1:T6" type="facs"/>
		<head amount="0.25" end="sp1:T0+3.0" group="nod_agree_lf" repeats="0.5" start="sp1:T0+0" type="TOSS"/>
		<head amount="-0.02" group="nod_agree_lf" id="anticipation831022608804" repeats="0.5" start="sp1:T0+0" type="nod" velocity="1"/>
		<head amount="0.25" group="nod_agree_lf" id="action844330528804" relax="anticipation831022608804:relax+1.4" repeats="1" start="anticipation831022608804:relax" type="nod" velocity="0.7"/>
		<head amount="0.05" group="nod_agree_lf" repeats="0.5" start="action844330528804:relax" type="nod" velocity="0.5"/>
		<gesture emotion="neutral" group="you" lexeme="DEICTIC" priority="11" relax="sp1:T5" stroke="sp1:T4" type="YOU"/>
		<face amount="0.1" au="26" end="sp1:T9" side="BOTH" start="sp1:T8" type="facs"/>
		<face amount="0.1" au="26" end="sp1:T11" side="BOTH" start="sp1:T10" type="facs"/>
		<face amount="0.1" au="26" end="sp1:T13" side="BOTH" start="sp1:T12" type="facs"/>
		<face amount="0.1" au="26" end="sp1:T15" side="BOTH" start="sp1:T14" type="facs"/>
		<face amount="0.1" au="26" end="sp1:T17" side="BOTH" start="sp1:T16" type="facs"/>
		<face amount="0.1" au="26" end="sp1:T19" side="BOTH" start="sp1:T18" type="facs"/>
		<face amount="0.1" au="26" end="sp1:T21" side="BOTH" start="sp1:T20" type="facs"/>
		<face amount="0.1" au="26" end="sp1:T23" side="BOTH" start="sp1:T22" type="facs"/>
		<face amount="0.1" au="26" end="sp1:T25" side="BOTH" start="sp1:T24" type="facs"/>
		<face amount="0.1" au="26" end="sp1:T27" side="BOTH" start="sp1:T26" type="facs"/>
		<head amount="0.10" group="tilt_lf_nod" repeats="0.5" start="sp1:T8+0" type="nod"/>
		<head amount="0.2" end="sp1:T8+1.2" group="tilt_lf_nod" ready="sp1:T8+0.4" relax="sp1:T8+0.8" repeats="0.5" start="sp1:T8+0" type="TOSS"/>
		<face amount="0.3" au="2" relax="sp1:T34" type="facs"/>
		<face amount="0.3" au="1" relax="sp1:T34" type="facs"/>
		<face amount="0.3" au="2" relax="sp1:T42" type="facs"/>
		<face amount="0.3" au="1" relax="sp1:T42" type="facs"/>
		<face amount="0.3" au="2" relax="sp1:T56" type="facs"/>
		<face amount="0.3" au="1" relax="sp1:T56" type="facs"/>
		<face amount="0.1" au="26" end="sp1:T29" side="BOTH" start="sp1:T28" type="facs"/>
		<face amount="0.1" au="26" end="sp1:T31" side="BOTH" start="sp1:T30" type="facs"/>
		<face amount="0.1" au="26" end="sp1:T33" side="BOTH" start="sp1:T32" type="facs"/>
		<face amount="0.1" au="26" end="sp1:T35" side="BOTH" start="sp1:T34" type="facs"/>
		<face amount="0.1" au="26" end="sp1:T37" side="BOTH" start="sp1:T36" type="facs"/>
		<face amount="0.1" au="26" end="sp1:T39" side="BOTH" start="sp1:T38" type="facs"/>
		<face amount="0.1" au="26" end="sp1:T41" side="BOTH" start="sp1:T40" type="facs"/>
		<face amount="0.1" au="26" end="sp1:T43" side="BOTH" start="sp1:T42" type="facs"/>
		<face amount="0.1" au="26" end="sp1:T45" side="BOTH" start="sp1:T44" type="facs"/>
		<face amount="0.1" au="26" end="sp1:T47" side="BOTH" start="sp1:T46" type="facs"/>
		<face amount="0.1" au="26" end="sp1:T49" side="BOTH" start="sp1:T48" type="facs"/>
		<face amount="0.1" au="26" end="sp1:T51" side="BOTH" start="sp1:T50" type="facs"/>
		<face amount="0.1" au="26" end="sp1:T53" side="BOTH" start="sp1:T52" type="facs"/>
		<face amount="0.1" au="26" end="sp1:T55" side="BOTH" start="sp1:T54" type="facs"/>
		<face amount="0.1" au="26" end="sp1:T57" side="BOTH" start="sp1:T56" type="facs"/>
		<face amount="0.1" au="26" end="sp1:T59" side="BOTH" start="sp1:T58" type="facs"/>
		<face amount="0.1" au="26" end="sp1:T61" side="BOTH" start="sp1:T60" type="facs"/>
		<face amount="0.1" au="26" end="sp1:T63" side="BOTH" start="sp1:T62" type="facs"/>
		<face amount="0.1" au="26" end="sp1:T65" side="BOTH" start="sp1:T64" type="facs"/>
		<head amount="-0.25" end="sp1:T28+3.0" group="nod_agree_rt" repeats="0.5" start="sp1:T28+0" type="TOSS"/>
		<head amount="-0.02" group="nod_agree_rt" id="anticipation830974776842" repeats="0.5" start="sp1:T28+0" type="nod" velocity="1"/>
		<head amount="0.25" group="nod_agree_rt" id="action844270528842" relax="anticipation830974776842:relax+1.4" repeats="1" start="anticipation830974776842:relax" type="nod" velocity="0.7"/>
		<head amount="0.05" group="nod_agree_rt" repeats="0.5" start="action844270528842:relax" type="nod" velocity="0.5"/>
		<gesture emotion="neutral" group="you" lexeme="DEICTIC" priority="11" relax="sp1:T35" stroke="sp1:T34" type="YOU"/>
		<gesture emotion="neutral" group="you" lexeme="DEICTIC" priority="11" relax="sp1:T43" stroke="sp1:T42" type="YOU"/>
		<gesture emotion="neutral" group="you" lexeme="DEICTIC" priority="11" relax="sp1:T57" stroke="sp1:T56" type="YOU"/>
		<gesture emotion="neutral" group="comparative" lexeme="METAPHORIC" priority="14" relax="sp1:T63" stroke="sp1:T62" type="COMPARATIVE"/>
		<face amount="0.1" au="26" end="sp1:T67" side="BOTH" start="sp1:T66" type="facs"/>
		<face amount="0.1" au="26" end="sp1:T69" side="BOTH" start="sp1:T68" type="facs"/>
		<face amount="0.1" au="26" end="sp1:T71" side="BOTH" start="sp1:T70" type="facs"/>
		<face amount="0.1" au="26" end="sp1:T73" side="BOTH" start="sp1:T72" type="facs"/>
		<head amount="-0.05" group="half_nod" repeats="0.5" sbm:smooth="0.35" start="sp1:T66+0" type="nod" velocity="1" xmlns:sbm="http://ict.usc.edu"/>
		<face amount="0.5" au="4" relax="sp1:T74" type="facs"/>
		<face amount="0.1" au="26" end="sp1:T75" side="BOTH" start="sp1:T74" type="facs"/>
		<face amount="0.1" au="26" end="sp1:T77" side="BOTH" start="sp1:T76" type="facs"/>
		<face amount="0.1" au="26" end="sp1:T79" side="BOTH" start="sp1:T78" type="facs"/>
		<head amount="0.10" group="tilt_lf_nod" repeats="0.5" start="sp1:T74+0" type="nod"/>
		<head amount="0.2" end="sp1:T74+1.2" group="tilt_lf_nod" ready="sp1:T74+0.4" relax="sp1:T74+0.8" repeats="0.5" start="sp1:T74+0" type="TOSS"/>
		<face amount="0.5" au="4" relax="sp1:T90" type="facs"/>
		<face amount="0.3" au="2" relax="sp1:T100" type="facs"/>
		<face amount="0.3" au="1" relax="sp1:T100" type="facs"/>
		<face amount="0.3" au="2" relax="sp1:T124" type="facs"/>
		<face amount="0.3" au="1" relax="sp1:T124" type="facs"/>
		<face amount="0.3" au="2" relax="sp1:T130" type="facs"/>
		<face amount="0.3" au="1" relax="sp1:T130" type="facs"/>
		<face amount="0.1" au="26" end="sp1:T81" side="BOTH" start="sp1:T80" type="facs"/>
		<face amount="0.1" au="26" end="sp1:T83" side="BOTH" start="sp1:T82" type="facs"/>
		<face amount="0.1" au="26" end="sp1:T85" side="BOTH" start="sp1:T84" type="facs"/>
		<face amount="0.1" au="26" end="sp1:T87" side="BOTH" start="sp1:T86" type="facs"/>
		<face amount="0.1" au="26" end="sp1:T89" side="BOTH" start="sp1:T88" type="facs"/>
		<face amount="0.1" au="26" end="sp1:T91" side="BOTH" start="sp1:T90" type="facs"/>
		<face amount="0.1" au="26" end="sp1:T93" side="BOTH" start="sp1:T92" type="facs"/>
		<face amount="0.1" au="26" end="sp1:T95" side="BOTH" start="sp1:T94" type="facs"/>
		<face amount="0.1" au="26" end="sp1:T97" side="BOTH" start="sp1:T96" type="facs"/>
		<face amount="0.1" au="26" end="sp1:T99" side="BOTH" start="sp1:T98" type="facs"/>
		<face amount="0.1" au="26" end="sp1:T101" side="BOTH" start="sp1:T100" type="facs"/>
		<face amount="0.1" au="26" end="sp1:T103" side="BOTH" start="sp1:T102" type="facs"/>
		<face amount="0.1" au="26" end="sp1:T105" side="BOTH" start="sp1:T104" type="facs"/>
		<face amount="0.1" au="26" end="sp1:T107" side="BOTH" start="sp1:T106" type="facs"/>
		<face amount="0.1" au="26" end="sp1:T109" side="BOTH" start="sp1:T108" type="facs"/>
		<face amount="0.1" au="26" end="sp1:T111" side="BOTH" start="sp1:T110" type="facs"/>
		<face amount="0.1" au="26" end="sp1:T113" side="BOTH" start="sp1:T112" type="facs"/>
		<face amount="0.1" au="26" end="sp1:T115" side="BOTH" start="sp1:T114" type="facs"/>
		<face amount="0.1" au="26" end="sp1:T117" side="BOTH" start="sp1:T116" type="facs"/>
		<face amount="0.1" au="26" end="sp1:T119" side="BOTH" start="sp1:T118" type="facs"/>
		<face amount="0.1" au="26" end="sp1:T121" side="BOTH" start="sp1:T120" type="facs"/>
		<face amount="0.1" au="26" end="sp1:T123" side="BOTH" start="sp1:T122" type="facs"/>
		<face amount="0.1" au="26" end="sp1:T125" side="BOTH" start="sp1:T124" type="facs"/>
		<face amount="0.1" au="26" end="sp1:T127" side="BOTH" start="sp1:T126" type="facs"/>
		<face amount="0.1" au="26" end="sp1:T129" side="BOTH" start="sp1:T128" type="facs"/>
		<face amount="0.1" au="26" end="sp1:T131" side="BOTH" start="sp1:T130" type="facs"/>
		<face amount="0.1" au="26" end="sp1:T133" side="BOTH" start="sp1:T132" type="facs"/>
		<face amount="0.1" au="26" end="sp1:T135" side="BOTH" start="sp1:T134" type="facs"/>
		<head amount="0.3" group="wiggle" start="sp1:T90" type="WIGGLE"/>
		<head amount="0.10" group="tilt_rt_nod" repeats="0.5" start="sp1:T80+0" type="nod"/>
		<head amount="-0.2" end="sp1:T80+1.2" group="tilt_rt_nod" ready="sp1:T80+0.4" relax="sp1:T80+0.8" repeats="0.5" start="sp1:T80+0" type="TOSS"/>
		<gesture emotion="neutral" group="you" lexeme="DEICTIC" priority="11" relax="sp1:T101" stroke="sp1:T100" type="YOU"/>
		<gesture emotion="neutral" group="you" lexeme="DEICTIC" priority="11" relax="sp1:T125" stroke="sp1:T124" type="YOU"/>
		<gesture emotion="neutral" group="you" lexeme="DEICTIC" priority="11" relax="sp1:T131" stroke="sp1:T130" type="YOU"/>
		<face amount="0.3" au="2" relax="sp1:T144" type="facs"/>
		<face amount="0.3" au="1" relax="sp1:T144" type="facs"/>
		<face amount="0.3" au="2" relax="sp1:T164" type="facs"/>
		<face amount="0.3" au="1" relax="sp1:T164" type="facs"/>
		<face amount="0.3" au="2" relax="sp1:T190" type="facs"/>
		<face amount="0.3" au="1" relax="sp1:T190" type="facs"/>
		<face amount="0.4" au="45" end="sp1:T166+0.1" group="nod" id="blink628914368897" side="BOTH" start="sp1:T166+0" type="facs"/>
		<head amount="-0.01" group="nod" id="anticipation830967184897" repeats="0.5" start="blink628914368897:start" type="nod" velocity="1"/>
		<head amount="0.1" group="nod" id="action628913184897" relax="anticipation830967184897:relax+0.5" repeats="1" start="anticipation830967184897:relax" type="nod" velocity="1"/>
		<head amount="0.04" group="nod" id="overshoot830966984897" repeats="0.5" start="action628913184897:relax" type="nod" velocity="0.5"/>
		<gaze angle="8" direction="RIGHT" sbm:joint-range="EYES" start="sp1:T136+0" target="camera" xmlns:sbm="http://ict.usc.edu"/>
		<gaze angle="0" direction="LEFT" sbm:joint-range="EYES" start="sp1:T136+0.3" target="camera" xmlns:sbm="http://ict.usc.edu"/>
		<face amount="0.1" au="26" end="sp1:T137" side="BOTH" start="sp1:T136" type="facs"/>
		<face amount="0.1" au="26" end="sp1:T139" side="BOTH" start="sp1:T138" type="facs"/>
		<face amount="0.1" au="26" end="sp1:T141" side="BOTH" start="sp1:T140" type="facs"/>
		<face amount="0.1" au="26" end="sp1:T143" side="BOTH" start="sp1:T142" type="facs"/>
		<face amount="0.1" au="26" end="sp1:T145" side="BOTH" start="sp1:T144" type="facs"/>
		<face amount="0.1" au="26" end="sp1:T147" side="BOTH" start="sp1:T146" type="facs"/>
		<face amount="0.1" au="26" end="sp1:T149" side="BOTH" start="sp1:T148" type="facs"/>
		<face amount="0.1" au="26" end="sp1:T151" side="BOTH" start="sp1:T150" type="facs"/>
		<face amount="0.1" au="26" end="sp1:T153" side="BOTH" start="sp1:T152" type="facs"/>
		<face amount="0.1" au="26" end="sp1:T155" side="BOTH" start="sp1:T154" type="facs"/>
		<face amount="0.1" au="26" end="sp1:T157" side="BOTH" start="sp1:T156" type="facs"/>
		<face amount="0.1" au="26" end="sp1:T159" side="BOTH" start="sp1:T158" type="facs"/>
		<face amount="0.1" au="26" end="sp1:T161" side="BOTH" start="sp1:T160" type="facs"/>
		<face amount="0.1" au="26" end="sp1:T163" side="BOTH" start="sp1:T162" type="facs"/>
		<face amount="0.1" au="26" end="sp1:T165" side="BOTH" start="sp1:T164" type="facs"/>
		<face amount="0.1" au="26" end="sp1:T167" side="BOTH" start="sp1:T166" type="facs"/>
		<face amount="0.1" au="26" end="sp1:T169" side="BOTH" start="sp1:T168" type="facs"/>
		<face amount="0.1" au="26" end="sp1:T171" side="BOTH" start="sp1:T170" type="facs"/>
		<face amount="0.1" au="26" end="sp1:T173" side="BOTH" start="sp1:T172" type="facs"/>
		<face amount="0.1" au="26" end="sp1:T175" side="BOTH" start="sp1:T174" type="facs"/>
		<face amount="0.1" au="26" end="sp1:T177" side="BOTH" start="sp1:T176" type="facs"/>
		<face amount="0.1" au="26" end="sp1:T179" side="BOTH" start="sp1:T178" type="facs"/>
		<face amount="0.1" au="26" end="sp1:T181" side="BOTH" start="sp1:T180" type="facs"/>
		<face amount="0.1" au="26" end="sp1:T183" side="BOTH" start="sp1:T182" type="facs"/>
		<face amount="0.1" au="26" end="sp1:T185" side="BOTH" start="sp1:T184" type="facs"/>
		<face amount="0.1" au="26" end="sp1:T187" side="BOTH" start="sp1:T186" type="facs"/>
		<face amount="0.1" au="26" end="sp1:T189" side="BOTH" start="sp1:T188" type="facs"/>
		<face amount="0.1" au="26" end="sp1:T191" side="BOTH" start="sp1:T190" type="facs"/>
		<head amount="0.3" group="wiggle" start="sp1:T136" type="WIGGLE"/>
		<gesture emotion="neutral" group="RIGHT" lexeme="DEICTIC" priority="13" relax="sp1:T139" stroke="sp1:T136" type="RIGHT"/>
		<gesture emotion="neutral" group="you" lexeme="DEICTIC" priority="11" relax="sp1:T145" stroke="sp1:T144" type="YOU"/>
		<gesture emotion="neutral" group="you" lexeme="DEICTIC" priority="11" relax="sp1:T165" stroke="sp1:T164" type="YOU"/>
		<gesture emotion="neutral" group="obligation" lexeme="METAPHORIC" priority="24" relax="sp1:T169" stroke="sp1:T166" type="OBLIGATION"/>
		<gesture emotion="neutral" group="you" lexeme="DEICTIC" priority="11" relax="sp1:T191" stroke="sp1:T190" type="YOU"/>
	</bml>
</act>
