<?xml version="1.0" encoding="utf-8"?>
<act>
	<participant id="ChrBrad" role="actor"/>
	<bml>
		<speech id="sp1" ref="FredClaus-N02-ImeanBecause" type="application/ssml+xml">
			<mark name="T0"/>
			i
			<mark name="T1"/>
			<mark name="T2"/>
			mean
			<mark name="T3"/>
			<mark name="T4"/>
			because
			<mark name="T5"/>
			<mark name="T6"/>
			this
			<mark name="T7"/>
			<mark name="T8"/>
			is
			<mark name="T9"/>
			<mark name="T10"/>
			not
			<mark name="T11"/>
			<mark name="T12"/>
			funny
			<mark name="T13"/>
			<mark name="T14"/>
			to
			<mark name="T15"/>
			<mark name="T16"/>
			all
			<mark name="T17"/>
			<mark name="T18"/>
			of
			<mark name="T19"/>
			<mark name="T20"/>
			us
			<mark name="T21"/>
			<mark name="T22"/>
			here
			<mark name="T23"/>
			<mark name="T24"/>
			in
			<mark name="T25"/>
			<mark name="T26"/>
			the
			<mark name="T27"/>
			<mark name="T28"/>
			group.
			<mark name="T29"/>
			<mark name="T30"/>
			this
			<mark name="T31"/>
			<mark name="T32"/>
			is
			<mark name="T33"/>
			<mark name="T34"/>
			very
			<mark name="T35"/>
			<mark name="T36"/>
			serious
			<mark name="T37"/>
			<mark name="T38"/>
			to
			<mark name="T39"/>
			<mark name="T40"/>
			us.
			<mark name="T41"/>
			<mark name="T42"/>
			and
			<mark name="T43"/>
			<mark name="T44"/>
			i
			<mark name="T45"/>
			<mark name="T46"/>
			am
			<mark name="T47"/>
			<mark name="T48"/>
			feeling
			<mark name="T49"/>
			<mark name="T50"/>
			very
			<mark name="T51"/>
			<mark name="T52"/>
			unconfortable
			<mark name="T53"/>
			<mark name="T54"/>
			with
			<mark name="T55"/>
			<mark name="T56"/>
			where
			<mark name="T57"/>
			<mark name="T58"/>
			you
			<mark name="T59"/>
			<mark name="T60"/>
			are
			<mark name="T61"/>
			<mark name="T62"/>
			coming
			<mark name="T63"/>
			<mark name="T64"/>
			from.
			<mark name="T65"/>
		</speech>
		<head amount="-0.10" end="sp1:T16+1.0" group="sweep" repeats="0.5" start="sp1:T16+0" type="TOSS"/>
		<head amount="0.15" end="sp1:T16+0.5" group="sweep" repeats="0.5" start="sp1:T16+0" type="nod"/>
		<head amount="-0.25" end="sp1:T16+1.0" group="sweep" repeats="0.5" start="sp1:T16+0" type="shake"/>
		<face amount="0.1" au="26" end="sp1:T1" side="BOTH" start="sp1:T0" type="facs"/>
		<face amount="0.1" au="26" end="sp1:T3" side="BOTH" start="sp1:T2" type="facs"/>
		<face amount="0.1" au="26" end="sp1:T5" side="BOTH" start="sp1:T4" type="facs"/>
		<face amount="0.1" au="26" end="sp1:T7" side="BOTH" start="sp1:T6" type="facs"/>
		<face amount="0.1" au="26" end="sp1:T9" side="BOTH" start="sp1:T8" type="facs"/>
		<face amount="0.1" au="26" end="sp1:T11" side="BOTH" start="sp1:T10" type="facs"/>
		<face amount="0.1" au="26" end="sp1:T13" side="BOTH" start="sp1:T12" type="facs"/>
		<face amount="0.1" au="26" end="sp1:T15" side="BOTH" start="sp1:T14" type="facs"/>
		<face amount="0.1" au="26" end="sp1:T17" side="BOTH" start="sp1:T16" type="facs"/>
		<face amount="0.1" au="26" end="sp1:T19" side="BOTH" start="sp1:T18" type="facs"/>
		<face amount="0.1" au="26" end="sp1:T21" side="BOTH" start="sp1:T20" type="facs"/>
		<face amount="0.1" au="26" end="sp1:T23" side="BOTH" start="sp1:T22" type="facs"/>
		<face amount="0.1" au="26" end="sp1:T25" side="BOTH" start="sp1:T24" type="facs"/>
		<face amount="0.1" au="26" end="sp1:T27" side="BOTH" start="sp1:T26" type="facs"/>
		<face amount="0.1" au="26" end="sp1:T29" side="BOTH" start="sp1:T28" type="facs"/>
		<head amount="0.3" group="wiggle" start="sp1:T0" type="WIGGLE"/>
		<head amount="0.03" group="small_shake" repeats="1" start="sp1:T10+0" type="shake"/>
		<gesture emotion="neutral" group="me" lexeme="DEICTIC" priority="11" relax="sp1:T1" stroke="sp1:T0" type="ME"/>
		<gesture emotion="neutral" group="negation" lexeme="METAPHORIC" priority="13" relax="sp1:T11" stroke="sp1:T10" type="NEGATION"/>
		<gesture emotion="neutral" group="inclusivity" lexeme="METAPHORIC" priority="14" relax="sp1:T17" stroke="sp1:T16" type="INCLUSIVITY"/>
		<gesture emotion="neutral" group="we" lexeme="DEICTIC" priority="11" relax="sp1:T21" stroke="sp1:T20" type="WE"/>
		<gesture emotion="neutral" group="here" lexeme="DEICTIC" priority="12" relax="sp1:T23" stroke="sp1:T22" type="HERE"/>
		<face amount="0.5" au="4" relax="sp1:T34" type="facs"/>
		<face amount="0.1" au="26" end="sp1:T31" side="BOTH" start="sp1:T30" type="facs"/>
		<face amount="0.1" au="26" end="sp1:T33" side="BOTH" start="sp1:T32" type="facs"/>
		<face amount="0.1" au="26" end="sp1:T35" side="BOTH" start="sp1:T34" type="facs"/>
		<face amount="0.1" au="26" end="sp1:T37" side="BOTH" start="sp1:T36" type="facs"/>
		<face amount="0.1" au="26" end="sp1:T39" side="BOTH" start="sp1:T38" type="facs"/>
		<face amount="0.1" au="26" end="sp1:T41" side="BOTH" start="sp1:T40" type="facs"/>
		<head amount="-0.25" end="sp1:T34+3.0" group="nod_agree_rt" repeats="0.5" start="sp1:T34+0" type="TOSS"/>
		<head amount="-0.02" group="nod_agree_rt" id="anticipation660911472104" repeats="0.5" start="sp1:T34+0" type="nod" velocity="1"/>
		<head amount="0.25" group="nod_agree_rt" id="action660843296104" relax="anticipation660911472104:relax+1.4" repeats="1" start="anticipation660911472104:relax" type="nod" velocity="0.7"/>
		<head amount="0.05" group="nod_agree_rt" repeats="0.5" start="action660843296104:relax" type="nod" velocity="0.5"/>
		<gesture emotion="neutral" group="we" lexeme="DEICTIC" priority="11" relax="sp1:T41" stroke="sp1:T40" type="WE"/>
		<face amount="0.5" au="4" relax="sp1:T50" type="facs"/>
		<face amount="0.3" au="2" relax="sp1:T58" type="facs"/>
		<face amount="0.3" au="1" relax="sp1:T58" type="facs"/>
		<face amount="0.1" au="26" end="sp1:T43" side="BOTH" start="sp1:T42" type="facs"/>
		<face amount="0.1" au="26" end="sp1:T45" side="BOTH" start="sp1:T44" type="facs"/>
		<face amount="0.1" au="26" end="sp1:T47" side="BOTH" start="sp1:T46" type="facs"/>
		<face amount="0.1" au="26" end="sp1:T49" side="BOTH" start="sp1:T48" type="facs"/>
		<face amount="0.1" au="26" end="sp1:T51" side="BOTH" start="sp1:T50" type="facs"/>
		<face amount="0.1" au="26" end="sp1:T53" side="BOTH" start="sp1:T52" type="facs"/>
		<face amount="0.1" au="26" end="sp1:T55" side="BOTH" start="sp1:T54" type="facs"/>
		<face amount="0.1" au="26" end="sp1:T57" side="BOTH" start="sp1:T56" type="facs"/>
		<face amount="0.1" au="26" end="sp1:T59" side="BOTH" start="sp1:T58" type="facs"/>
		<face amount="0.1" au="26" end="sp1:T61" side="BOTH" start="sp1:T60" type="facs"/>
		<face amount="0.1" au="26" end="sp1:T63" side="BOTH" start="sp1:T62" type="facs"/>
		<face amount="0.1" au="26" end="sp1:T65" side="BOTH" start="sp1:T64" type="facs"/>
		<head amount="0.3" group="wiggle" start="sp1:T50" type="WIGGLE"/>
		<head amount="-0.05" group="half_nod" repeats="0.5" sbm:smooth="0.35" start="sp1:T42+0" type="nod" velocity="1" xmlns:sbm="http://ict.usc.edu"/>
		<gesture emotion="neutral" group="me" lexeme="DEICTIC" priority="11" relax="sp1:T45" stroke="sp1:T44" type="ME"/>
		<gesture emotion="neutral" group="you" lexeme="DEICTIC" priority="11" relax="sp1:T59" stroke="sp1:T58" type="YOU"/>
	</bml>
</act>
