<?xml version="1.0" encoding="utf-8"?>
<act>
	<participant id="ChrBrad" role="actor"/>
	<bml>
		<speech id="sp1" ref="The Break-Up-04-Vaughn-YouSaidThatYou" type="application/ssml+xml">
			<mark name="T0"/>
			you
			<mark name="T1"/>
			<mark name="T2"/>
			said
			<mark name="T3"/>
			<mark name="T4"/>
			that
			<mark name="T5"/>
			<mark name="T6"/>
			you
			<mark name="T7"/>
			<mark name="T8"/>
			don't
			<mark name="T9"/>
			<mark name="T10"/>
			like
			<mark name="T11"/>
			<mark name="T12"/>
			flowers,
			<mark name="T13"/>
			<mark name="T14"/>
			am
			<mark name="T15"/>
			<mark name="T16"/>
			i
			<mark name="T17"/>
			<mark name="T18"/>
			supposed
			<mark name="T19"/>
			<mark name="T20"/>
			to
			<mark name="T21"/>
			<mark name="T22"/>
			that
			<mark name="T23"/>
			<mark name="T24"/>
			to
			<mark name="T25"/>
			<mark name="T26"/>
			mean
			<mark name="T27"/>
			<mark name="T28"/>
			that
			<mark name="T29"/>
			<mark name="T30"/>
			you
			<mark name="T31"/>
			<mark name="T32"/>
			do
			<mark name="T33"/>
			<mark name="T34"/>
			like
			<mark name="T35"/>
			<mark name="T36"/>
			flowers?
			<mark name="T37"/>
		</speech>
		<face amount="0.3" au="2" relax="sp1:T0" type="facs"/>
		<face amount="0.3" au="1" relax="sp1:T0" type="facs"/>
		<face amount="0.3" au="2" relax="sp1:T6" type="facs"/>
		<face amount="0.3" au="1" relax="sp1:T6" type="facs"/>
		<face amount="0.3" au="2" relax="sp1:T30" type="facs"/>
		<face amount="0.3" au="1" relax="sp1:T30" type="facs"/>
		<gesture emotion="neutral" group="question" lexeme="METAPHORIC" priority="3" start="sp1:T0" type="QUESTION"/>
		<face amount="0.5" au="2" relax="sp1:T0" type="facs"/>
		<face amount="0.5" au="1" relax="sp1:T0" type="facs"/>
		<face amount="0.1" au="26" end="sp1:T1" side="BOTH" start="sp1:T0" type="facs"/>
		<face amount="0.1" au="26" end="sp1:T3" side="BOTH" start="sp1:T2" type="facs"/>
		<face amount="0.1" au="26" end="sp1:T5" side="BOTH" start="sp1:T4" type="facs"/>
		<face amount="0.1" au="26" end="sp1:T7" side="BOTH" start="sp1:T6" type="facs"/>
		<face amount="0.1" au="26" end="sp1:T9" side="BOTH" start="sp1:T8" type="facs"/>
		<face amount="0.1" au="26" end="sp1:T11" side="BOTH" start="sp1:T10" type="facs"/>
		<face amount="0.1" au="26" end="sp1:T13" side="BOTH" start="sp1:T12" type="facs"/>
		<face amount="0.1" au="26" end="sp1:T15" side="BOTH" start="sp1:T14" type="facs"/>
		<face amount="0.1" au="26" end="sp1:T17" side="BOTH" start="sp1:T16" type="facs"/>
		<face amount="0.1" au="26" end="sp1:T19" side="BOTH" start="sp1:T18" type="facs"/>
		<face amount="0.1" au="26" end="sp1:T21" side="BOTH" start="sp1:T20" type="facs"/>
		<face amount="0.1" au="26" end="sp1:T23" side="BOTH" start="sp1:T22" type="facs"/>
		<face amount="0.1" au="26" end="sp1:T25" side="BOTH" start="sp1:T24" type="facs"/>
		<face amount="0.1" au="26" end="sp1:T27" side="BOTH" start="sp1:T26" type="facs"/>
		<face amount="0.1" au="26" end="sp1:T29" side="BOTH" start="sp1:T28" type="facs"/>
		<face amount="0.1" au="26" end="sp1:T31" side="BOTH" start="sp1:T30" type="facs"/>
		<face amount="0.1" au="26" end="sp1:T33" side="BOTH" start="sp1:T32" type="facs"/>
		<face amount="0.1" au="26" end="sp1:T35" side="BOTH" start="sp1:T34" type="facs"/>
		<face amount="0.1" au="26" end="sp1:T37" side="BOTH" start="sp1:T36" type="facs"/>
		<head amount="-0.05" group="half_nod" repeats="0.5" sbm:smooth="0.35" start="sp1:T0+0" type="nod" velocity="1" xmlns:sbm="http://ict.usc.edu"/>
		<head amount="0.1" group="shake" id="action60666512072" repeats="1" start="sp1:T8+0" type="shake"/>
		<head amount="0.03" group="shake" id="overshoot66101804872" repeats="0.5" start="action60666512072:relax" type="shake"/>
		<gesture emotion="neutral" group="you" lexeme="DEICTIC" priority="11" relax="sp1:T1" stroke="sp1:T0" type="YOU"/>
		<gesture emotion="neutral" group="you" lexeme="DEICTIC" priority="11" relax="sp1:T7" stroke="sp1:T6" type="YOU"/>
		<gesture emotion="neutral" group="negation" lexeme="METAPHORIC" priority="13" relax="sp1:T9" stroke="sp1:T8" type="NEGATION"/>
		<gesture emotion="neutral" group="me" lexeme="DEICTIC" priority="11" relax="sp1:T17" stroke="sp1:T16" type="ME"/>
		<gesture emotion="neutral" group="you" lexeme="DEICTIC" priority="11" relax="sp1:T31" stroke="sp1:T30" type="YOU"/>
	</bml>
</act>
